Email,Password,URL
user.one@example.com,Summer2025,https://www.example.com/login
admin@test-site.org,Rocket88,https://test-site.org/dashboard
contact@sample-domain.net,Active44,http://sample-domain.net/contact
jake34@gmail.com,Global99,https://www.google.com/support
marcel35@gmail.com,Market123,https://shop.mock-company.co
lebronjames33@lakers.com,BronnyJames23,https://espn.com/home
team@beta-platform.net,Direct55,https://beta-platform.net/app
steph.curry@warriors.com,Splash30,https://www.nba.com/warriors
wemby@spurs.com,Alien01,https://www.nba.com/spurs
mario@nintendo.com,Plumber64,https://www.nintendo.com/mario
master.chief@unsc.mil,Spartan117,https://www.halowaypoint.com
kratos@godofwar.net,Sparta300,https://www.playstation.com/god-of-war
lara.croft@tombraider.com,Raider99,https://www.tombraider.com
tony.stark@starkindustries.com,IronMan1,https://www.marvel.com/iron
harry.potter@hogwarts.edu,Magic777,https://www.wizardingworld.com
darth.vader@empire.gov,SithLord66,https://www.starwars.com/sith
